SNP,DA (Dervied Allele),AA (Ancestral Allele),OOA (Out of Africa Allele),KS,Score
rs10800485,C,T,C,TT,
rs6670818,G,A,G,AA,
rs10915846,A,G,A,GG,
rs16845098,C,T,C,CC,2
rs17503834,C,T,C,CT,1
rs4692788,T,C,T,CC,
rs963660,T,C,T,CC,
rs17628931,C,T,C,TT,
rs2753977,C,T,C,CT,1
rs12216299,G,T,G,TT,
rs17254301,T,C,T,CC,
rs10484939,C,T,C,TT,
rs17226291,,,,CC,
rs11792454,T,C,T,CC,
rs17324630,C,T,C,TT,
rs17324756,C,T,C,TT,
rs10971319,A,G,A,GG,
rs1556249,T,C,T,CC,
rs2297216,A,G,A,GG,
rs10971346,T,G,T,GG,
rs1330692,C,T,C,TT,
rs16918958,A,C,A,AC,1
rs16917040,C,T,C,TT,
rs12416000,A,G,A,GG,
rs2290349,G,A,G,AA,
rs17133762,A,C,A,CC,
rs11252810,T,C,T,CC,
rs11815066,A,G,A,GG,
rs7100599,A,G,A,GG,
rs12571093,A,G,A,GG,
rs17231602,A,G,A,GG,
rs10852939,T,C,T,CT,1
rs16965666,G,T,G,TT,
rs4794826,T,C,T,CC,
rs9609421,G,A,G,AA,
rs17745316,A,G,A,GG,
rs7536180,A,C,A,CC,
rs10494778,G,A,G,AA,
rs11750694,A,C,A,CC,
rs17430552,C,T,C,TT,
rs332951,T,C,T,CC,
rs16870040,G,A,G,AA,
